{
    "t_BChl1_BChl2": -16.51962424529864,
    "t_BChl2_BChl1": -16.51962424529864,
    "t_BChl2_BChl3": 5.801646827311267,
    "t_BChl3_BChl2": 5.801646827311267,
    "t_BChl3_BChl4": -10.077535885102364,
    "t_BChl4_BChl3": -10.077535885102364,
    "t_BChl4_BChl5": -13.31741658087359,
    "t_BChl5_BChl4": -13.31741658087359,
    "t_BChl5_BChl6": 15.276414210874798,
    "t_BChl6_BChl5": 15.276414210874798,
    "t_BChl6_BChl7": 7.478096722216147,
    "t_BChl7_BChl6": 7.478096722216147,
    "t_BChl7_BChl4": -11.92351442106504,
    "t_BChl4_BChl7": -11.92351442106504,
    "E_BChl1": 2337.6115950302865,
    "E_BChl2": 2360.215413837993,
    "E_BChl3": 2299.9385636841093,
    "E_BChl4": 2320.658730924507,
    "E_BChl5": 2350.7971560014485,
    "E_BChl6": 2379.051929511081,
    "E_BChl7": 2343.2625497322133
}